[
    {
        "id": "68398d607734d",
        "timestamp": "30.05.2025 13:50:08",
        "name": "213213123213123123123",
        "phone": "+7 (712) 312-12-31",
        "question": "123123231123123213123",
        "utm_source": "direct",
        "utm_medium": "none",
        "utm_campaign": "none",
        "page_url": "",
        "ip_address": "104.28.233.202"
    },
    {
        "id": "683994869efb2",
        "timestamp": "30.05.2025 14:20:38",
        "name": "12312321321231",
        "phone": "+7 (731) 123-23-12",
        "question": "123123231231123123123123123",
        "utm_source": "direct",
        "utm_medium": "none",
        "utm_campaign": "none",
        "page_url": "",
        "ip_address": "104.28.233.202"
    },
    {
        "id": "6839adca508af",
        "timestamp": "30.05.2025 16:08:26",
        "name": "123213213123123",
        "phone": "+7 (749) 342-93-12",
        "question": "1221231123123123123123",
        "utm_source": "direct",
        "utm_medium": "none",
        "utm_campaign": "none",
        "page_url": "",
        "ip_address": "104.28.233.202"
    }
]