{
    "products": [
        {
            "id": "rico-rh50r",
            "name": "iRay Rico RH50R",
            "category": "thermal-sight",
            "badge": "ХИТ",
            "shortDescription": "Профессиональный тепловизионный прицел с дальностью обнаружения 2500м",
            "features": {
                "range": "Дальность обнаружения 2500м",
                "matrix": "Матрица 640×512, 12μm",
                "zoom": "Увеличение 2.5-20x",
                "recording": "Запись видео Full HD"
            },
            "basePrice": 245990,
            "oldPrice": 289990,
            "discount": 15,
            "shops": [
                {
                    "name": "OZON",
                    "logo": "🛒",
                    "price": 259990,
                    "discount": "5%",
                    "shipping": "Бесплатная доставка",
                    "url": "https://ozon.ru/product/iray-rico-rh50r",
                    "availability": "В наличии"
                },
                {
                    "name": "Wildberries",
                    "logo": "🟣",
                    "price": 249990,
                    "discount": "10%",
                    "shipping": "Доставка 1-3 дня",
                    "url": "https://wildberries.ru/catalog/iray-rico-rh50r",
                    "availability": "В наличии"
                },
                {
                    "name": "OpticMarket",
                    "logo": "🎯",
                    "price": 245990,
                    "discount": "Лучшая цена!",
                    "shipping": "Самовывоз/доставка",
                    "url": "https://opticmarket.ru/products/iray-rico-rh50r",
                    "availability": "В наличии"
                }
            ],
            "images": {
                "main": "/images/products/rico-rh50r/main.jpg",
                "gallery": [
                    "/images/products/rico-rh50r/view-1.jpg",
                    "/images/products/rico-rh50r/view-2.jpg",
                    "/images/products/rico-rh50r/view-3.jpg",
                    "/images/products/rico-rh50r/view-4.jpg"
                ]
            },
            "specifications": {
                "general": {
                    "title": "Основные характеристики",
                    "specs": {
                        "type": "Тепловизионный прицел",
                        "model": "Rico RH50R",
                        "manufacturer": "iRay",
                        "country": "Китай",
                        "warranty": "3 года"
                    }
                },
                "optical": {
                    "title": "Оптические характеристики",
                    "specs": {
                        "matrixType": "Неохлаждаемая VOx",
                        "resolution": "640×512 пикселей",
                        "pixelSize": "12 мкм",
                        "frameRate": "50 Гц",
                        "lens": "50 мм, F/1.0",
                        "fieldOfView": "8.8° × 7.0°",
                        "zoom": "2.5-20x (цифровой)",
                        "detection": "2500 м (человек 1.8м×0.5м)"
                    }
                },
                "technical": {
                    "title": "Технические характеристики",
                    "specs": {
                        "display": "OLED 1024×768",
                        "batteryLife": "До 8 часов",
                        "batteryType": "2×18650 Li-Ion",
                        "memory": "32 ГБ встроенная",
                        "video": "Запись Full HD 1080p",
                        "wifi": "Встроенный модуль",
                        "protection": "IP67",
                        "temperature": "-30°C до +50°C",
                        "weight": "850 г (без батарей)",
                        "dimensions": "205×69×75 мм"
                    }
                }
            },
            "description": {
                "full": "iRay Rico RH50R — это профессиональный тепловизионный прицел последнего поколения, разработанный для самых требовательных пользователей. Благодаря передовой матрице 640×512 с пикселем 12μm, прицел обеспечивает исключительное качество изображения даже в самых сложных условиях.",
                "features": [
                    "Высокочувствительная матрица обеспечивает четкое изображение в любых погодных условиях",
                    "Дальность обнаружения человеческой фигуры до 2500 метров",
                    "Встроенная память 32 ГБ для записи видео и фото",
                    "Wi-Fi модуль для передачи изображения на смартфон",
                    "Баллистический калькулятор с предустановленными профилями",
                    "Защита IP67 - полная пыле- и влагозащита"
                ],
                "package": [
                    "Тепловизионный прицел iRay Rico RH50R",
                    "Аккумуляторы 18650 - 2 шт.",
                    "Зарядное устройство",
                    "Кабель USB Type-C",
                    "Защитная крышка объектива",
                    "Салфетка для оптики",
                    "Инструкция на русском языке",
                    "Гарантийный талон"
                ]
            },
            "seo": {
                "title": "Купить тепловизионный прицел iRay Rico RH50R - лучшая цена",
                "description": "Тепловизионный прицел iRay Rico RH50R с матрицей 640×512. Дальность 2500м, запись Full HD. Гарантия 3 года. Доставка по России.",
                "keywords": "iRay Rico RH50R, тепловизионный прицел, купить тепловизор, охотничья оптика"
            }
        },
        {
            "id": "saim-sct40",
            "name": "iRay Saim SCT40",
            "category": "thermal-sight",
            "badge": "НОВИНКА",
            "shortDescription": "Компактный тепловизионный прицел с режимом Picture-in-Picture",
            "features": {
                "range": "Дальность обнаружения 1800м",
                "matrix": "Матрица 384×288, 17μm",
                "zoom": "Увеличение 2-16x",
                "special": "Режим Picture-in-Picture"
            },
            "basePrice": 189990,
            "oldPrice": 219990,
            "discount": 14,
            "shops": [
                {
                    "name": "OZON",
                    "logo": "🛒",
                    "price": 199990,
                    "discount": "8%",
                    "shipping": "Бесплатная доставка",
                    "url": "https://ozon.ru/product/iray-saim-sct40",
                    "availability": "В наличии"
                },
                {
                    "name": "Wildberries",
                    "logo": "🟣",
                    "price": 194990,
                    "discount": "11%",
                    "shipping": "Доставка 1-3 дня",
                    "url": "https://wildberries.ru/catalog/iray-saim-sct40",
                    "availability": "В наличии"
                },
                {
                    "name": "OpticMarket",
                    "logo": "🎯",
                    "price": 189990,
                    "discount": "Лучшая цена!",
                    "shipping": "Самовывоз/доставка",
                    "url": "https://opticmarket.ru/products/iray-saim-sct40",
                    "availability": "Под заказ"
                }
            ],
            "images": {
                "main": "/images/products/saim-sct40/main.jpg",
                "gallery": [
                    "/images/products/saim-sct40/view-1.jpg",
                    "/images/products/saim-sct40/view-2.jpg",
                    "/images/products/saim-sct40/view-3.jpg"
                ]
            },
            "specifications": {
                "general": {
                    "title": "Основные характеристики",
                    "specs": {
                        "type": "Тепловизионный прицел",
                        "model": "Saim SCT40",
                        "manufacturer": "iRay",
                        "country": "Китай",
                        "warranty": "3 года"
                    }
                },
                "optical": {
                    "title": "Оптические характеристики",
                    "specs": {
                        "matrixType": "Неохлаждаемая VOx",
                        "resolution": "384×288 пикселей",
                        "pixelSize": "17 мкм",
                        "frameRate": "50 Гц",
                        "lens": "40 мм, F/1.0",
                        "fieldOfView": "9.3° × 7.0°",
                        "zoom": "2-16x (цифровой)",
                        "detection": "1800 м (человек 1.8м×0.5м)"
                    }
                },
                "technical": {
                    "title": "Технические характеристики",
                    "specs": {
                        "display": "OLED 1024×768",
                        "batteryLife": "До 10 часов",
                        "batteryType": "1×18650 Li-Ion",
                        "memory": "16 ГБ встроенная",
                        "video": "Запись видео",
                        "pip": "Picture-in-Picture",
                        "protection": "IP67",
                        "temperature": "-20°C до +50°C",
                        "weight": "680 г (без батареи)",
                        "dimensions": "185×62×68 мм"
                    }
                }
            },
            "description": {
                "full": "iRay Saim SCT40 - инновационный тепловизионный прицел с функцией Picture-in-Picture, которая позволяет одновременно видеть увеличенное изображение цели и общую картину поля зрения.",
                "features": [
                    "Уникальная функция Picture-in-Picture для точной стрельбы",
                    "Компактный и легкий корпус - всего 680 грамм",
                    "Увеличенное время работы до 10 часов от одной батареи",
                    "Несколько цветовых палитр для разных условий",
                    "Встроенный стадиометрический дальномер",
                    "Возможность обновления прошивки через USB"
                ]
            }
        },
        {
            "id": "tube-th50",
            "name": "iRay Tube TH50",
            "category": "thermal-sight",
            "badge": null,
            "shortDescription": "Тепловизионный прицел с встроенным лазерным дальномером",
            "features": {
                "range": "Дальность обнаружения 2000м",
                "matrix": "Матрица 640×512, 12μm",
                "zoom": "Увеличение 3-24x",
                "special": "Встроенный дальномер"
            },
            "basePrice": 298990,
            "oldPrice": 349990,
            "discount": 15,
            "shops": [
                {
                    "name": "OZON",
                    "logo": "🛒",
                    "price": 319990,
                    "discount": "8%",
                    "shipping": "Бесплатная доставка",
                    "url": "https://ozon.ru/product/iray-tube-th50",
                    "availability": "В наличии"
                },
                {
                    "name": "Wildberries",
                    "logo": "🟣",
                    "price": 309990,
                    "discount": "11%",
                    "shipping": "Доставка 1-3 дня",
                    "url": "https://wildberries.ru/catalog/iray-tube-th50",
                    "availability": "Осталось 3 шт."
                },
                {
                    "name": "OpticMarket",
                    "logo": "🎯",
                    "price": 298990,
                    "discount": "Лучшая цена!",
                    "shipping": "Самовывоз/доставка",
                    "url": "https://opticmarket.ru/products/iray-tube-th50",
                    "availability": "В наличии"
                }
            ],
            "images": {
                "main": "/images/products/tube-th50/main.jpg",
                "gallery": [
                    "/images/products/tube-th50/view-1.jpg",
                    "/images/products/tube-th50/view-2.jpg",
                    "/images/products/tube-th50/view-3.jpg"
                ]
            },
            "specifications": {
                "optical": {
                    "title": "Оптические характеристики",
                    "specs": {
                        "matrixType": "Неохлаждаемая VOx",
                        "resolution": "640×512 пикселей",
                        "pixelSize": "12 мкм",
                        "frameRate": "50 Гц",
                        "lens": "50 мм, F/1.2",
                        "fieldOfView": "8.8° × 7.0°",
                        "zoom": "3-24x (цифровой)",
                        "detection": "2000 м (человек 1.8м×0.5м)"
                    }
                },
                "technical": {
                    "title": "Технические характеристики",
                    "specs": {
                        "rangefinder": "Лазерный до 1000м",
                        "display": "AMOLED 1280×960",
                        "batteryLife": "До 7 часов",
                        "memory": "64 ГБ встроенная",
                        "protection": "IP67",
                        "weight": "920 г"
                    }
                }
            }
        },
        {
            "id": "bolt-th50c",
            "name": "iRay Bolt TH50C",
            "category": "thermal-sight",
            "badge": "СКИДКА",
            "shortDescription": "Тепловизионный прицел с Wi-Fi модулем и цветным OLED дисплеем",
            "features": {
                "range": "Дальность обнаружения 2200м",
                "matrix": "Матрица 640×512, 12μm",
                "zoom": "Увеличение 2.5-20x",
                "special": "Wi-Fi модуль"
            },
            "basePrice": 279990,
            "oldPrice": 329990,
            "discount": 15,
            "shops": [
                {
                    "name": "OZON",
                    "logo": "🛒",
                    "price": 299990,
                    "discount": "9%",
                    "shipping": "Бесплатная доставка",
                    "url": "https://ozon.ru/product/iray-bolt-th50c",
                    "availability": "В наличии"
                },
                {
                    "name": "Wildberries",
                    "logo": "🟣",
                    "price": 289990,
                    "discount": "12%",
                    "shipping": "Доставка 1-3 дня",
                    "url": "https://wildberries.ru/catalog/iray-bolt-th50c",
                    "availability": "В наличии"
                },
                {
                    "name": "OpticMarket",
                    "logo": "🎯",
                    "price": 279990,
                    "discount": "Лучшая цена!",
                    "shipping": "Самовывоз/доставка",
                    "url": "https://opticmarket.ru/products/iray-bolt-th50c",
                    "availability": "В наличии"
                }
            ]
        },
        {
            "id": "geni-gl35r",
            "name": "iRay Geni GL35R",
            "category": "thermal-sight",
            "badge": null,
            "shortDescription": "Компактный и легкий тепловизионный прицел для охоты",
            "features": {
                "range": "Дальность обнаружения 1500м",
                "matrix": "Матрица 384×288, 17μm",
                "zoom": "Увеличение 2.5-10x",
                "special": "Компактный корпус"
            },
            "basePrice": 169990,
            "oldPrice": 199990,
            "discount": 15,
            "shops": [
                {
                    "name": "OZON",
                    "logo": "🛒",
                    "price": 179990,
                    "discount": "10%",
                    "shipping": "Бесплатная доставка",
                    "url": "https://ozon.ru/product/iray-geni-gl35r",
                    "availability": "В наличии"
                },
                {
                    "name": "Wildberries",
                    "logo": "🟣",
                    "price": 174990,
                    "discount": "12%",
                    "shipping": "Доставка 1-3 дня",
                    "url": "https://wildberries.ru/catalog/iray-geni-gl35r",
                    "availability": "В наличии"
                },
                {
                    "name": "OpticMarket",
                    "logo": "🎯",
                    "price": 169990,
                    "discount": "Лучшая цена!",
                    "shipping": "Самовывоз/доставка",
                    "url": "https://opticmarket.ru/products/iray-geni-gl35r",
                    "availability": "В наличии"
                }
            ],
            "images": {
                "main": "/images/products/geni-gl35r/main.jpg",
                "gallery": [
                    "/images/products/geni-gl35r/view-1.jpg",
                    "/images/products/geni-gl35r/view-2.jpg",
                    "/images/products/geni-gl35r/view-3.jpg"
                ]
            },
            "specifications": {
                "optical": {
                    "title": "Оптические характеристики",
                    "specs": {
                        "matrixType": "Неохлаждаемая VOx",
                        "resolution": "384×288 пикселей",
                        "pixelSize": "17 мкм",
                        "frameRate": "50 Гц",
                        "lens": "35 мм, F/1.0",
                        "fieldOfView": "10.7° × 8.0°",
                        "zoom": "2.5-10x (цифровой)",
                        "detection": "1500 м (человек 1.8м×0.5м)"
                    }
                },
                "technical": {
                    "title": "Технические характеристики",
                    "specs": {
                        "display": "OLED 1024×768",
                        "batteryLife": "До 11 часов",
                        "batteryType": "1×18650 Li-Ion",
                        "memory": "8 ГБ встроенная",
                        "protection": "IP67",
                        "weight": "580 г"
                    }
                }
            }
        },
        {
            "id": "zoom-zh50",
            "name": "iRay Zoom ZH50",
            "category": "thermal-sight",
            "badge": "PRO",
            "shortDescription": "Профессиональный тепловизор с баллистическим калькулятором",
            "features": {
                "range": "Дальность обнаружения 3000м",
                "matrix": "Матрица 640×512, 12μm",
                "zoom": "Увеличение 4-32x",
                "special": "Баллистический калькулятор"
            },
            "basePrice": 349990,
            "oldPrice": 399990,
            "discount": 13,
            "shops": [
                {
                    "name": "OZON",
                    "logo": "🛒",
                    "price": 369990,
                    "discount": "7%",
                    "shipping": "Бесплатная доставка",
                    "url": "https://ozon.ru/product/iray-zoom-zh50",
                    "availability": "Под заказ"
                },
                {
                    "name": "Wildberries",
                    "logo": "🟣",
                    "price": 359990,
                    "discount": "10%",
                    "shipping": "Доставка 3-5 дней",
                    "url": "https://wildberries.ru/catalog/iray-zoom-zh50",
                    "availability": "В наличии"
                },
                {
                    "name": "OpticMarket",
                    "logo": "🎯",
                    "price": 349990,
                    "discount": "Лучшая цена!",
                    "shipping": "Самовывоз/доставка",
                    "url": "https://opticmarket.ru/products/iray-zoom-zh50",
                    "availability": "В наличии"
                }
            ],
            "images": {
                "main": "/images/products/zoom-zh50/main.jpg",
                "gallery": [
                    "/images/products/zoom-zh50/view-1.jpg",
                    "/images/products/zoom-zh50/view-2.jpg",
                    "/images/products/zoom-zh50/view-3.jpg",
                    "/images/products/zoom-zh50/view-4.jpg"
                ]
            },
            "specifications": {
                "general": {
                    "title": "Основные характеристики",
                    "specs": {
                        "type": "Профессиональный тепловизионный прицел",
                        "model": "Zoom ZH50",
                        "manufacturer": "iRay",
                        "country": "Китай",
                        "warranty": "5 лет"
                    }
                },
                "optical": {
                    "title": "Оптические характеристики",
                    "specs": {
                        "matrixType": "Неохлаждаемая VOx",
                        "resolution": "640×512 пикселей",
                        "pixelSize": "12 мкм",
                        "frameRate": "50 Гц",
                        "lens": "75 мм, F/1.2",
                        "fieldOfView": "5.9° × 4.7°",
                        "zoom": "4-32x (цифровой)",
                        "detection": "3000 м (человек 1.8м×0.5м)"
                    }
                },
                "technical": {
                    "title": "Технические характеристики",
                    "specs": {
                        "display": "AMOLED 1920×1080",
                        "batteryLife": "До 6 часов",
                        "batteryType": "2×18650 Li-Ion",
                        "memory": "128 ГБ встроенная",
                        "video": "Запись 4K видео",
                        "ballistics": "Встроенный калькулятор",
                        "profiles": "10 баллистических профилей",
                        "protection": "IP68",
                        "temperature": "-40°C до +60°C",
                        "weight": "1100 г (без батарей)",
                        "dimensions": "230×85×85 мм"
                    }
                }
            },
            "description": {
                "full": "iRay Zoom ZH50 - флагманский тепловизионный прицел для профессионалов. Оснащен продвинутым баллистическим калькулятором с возможностью сохранения до 10 профилей для разных типов патронов.",
                "features": [
                    "Рекордная дальность обнаружения до 3000 метров",
                    "Профессиональный баллистический калькулятор",
                    "Запись видео в разрешении 4K",
                    "128 ГБ встроенной памяти",
                    "Защита IP68 - полная герметичность",
                    "Расширенная гарантия 5 лет"
                ]
            }
        }
    ],
    "categories": {
        "thermal-sight": {
            "name": "Тепловизионные прицелы",
            "description": "Профессиональные тепловизионные прицелы для охоты и тактических задач"
        }
    },
    "filters": {
        "price": {
            "min": 150000,
            "max": 400000,
            "step": 10000
        },
        "detection_range": [
            { "value": "1500", "label": "До 1500м" },
            { "value": "2000", "label": "До 2000м" },
            { "value": "2500", "label": "До 2500м" },
            { "value": "3000", "label": "До 3000м" }
        ],
        "matrix_resolution": [
            { "value": "384x288", "label": "384×288" },
            { "value": "640x512", "label": "640×512" }
        ],
        "features": [
            { "value": "wifi", "label": "Wi-Fi" },
            { "value": "rangefinder", "label": "Дальномер" },
            { "value": "ballistics", "label": "Баллистический калькулятор" },
            { "value": "pip", "label": "Picture-in-Picture" },
            { "value": "4k", "label": "Запись 4K" }
        ]
    },
    "metadata": {
        "version": "1.0",
        "last_updated": "2024-01-15",
        "currency": "RUB",
        "vat_included": true,
        "shipping_info": "Доставка рассчитывается отдельно"
    }
}